strategy,accuracy,avg_tokens,avg_time,compression_ratio,speedup_ratio,outcome_eff_mean
baseline,0.0,24.0,0.0791633129119873,1.0,1.0,0.0
prompt_cod,0.0,24.0,0.08379721641540527,1.0,0.9447009852875486,0.0
es_cot,0.0,24.0,0.16994524002075195,1.0,0.4658165942295336,0.0
dynamic_cot,0.0,384.0,1.164696455001831,16.0,0.06796905113947724,0.0
answer_consistency,0.0,24.0,0.1700756549835205,1.0,0.4654594034616997,0.0
confidence_stop,0.0,24.0,0.19573664665222168,1.0,0.40443787234509043,0.0
