strategy,accuracy,avg_tokens,avg_time,compression_ratio,speedup_ratio,outcome_eff_mean
baseline,0.0,24.0,0.20864295959472656,1.0,1.0,0.0
confidence_stop,0.0,24.0,0.13156414031982422,1.0,1.5858649559639013,0.0
dynamic_cot,0.0,384.0,1.2407522201538086,16.0,0.16815844147259504,0.0
answer_consistency,0.0,24.0,0.13005995750427246,1.0,1.6042059646826554,0.0
es_cot,0.0,24.0,0.12091684341430664,1.0,1.7255078259017829,0.0
