strategy,accuracy,avg_tokens,avg_time,compression_ratio,speedup_ratio,outcome_eff_mean
baseline,0.0,48.0,0.23609089851379395,1.0,1.0,0.0
confidence_stop,0.0,48.0,0.23665738105773926,1.0,0.9976063178701065,0.0
dynamic_cot,0.0,384.0,1.1329007148742676,8.0,0.2083950476984172,0.0
answer_consistency,0.0,48.0,0.21547579765319824,1.0,1.0956724657020418,0.0
es_cot,0.0,48.0,0.23122406005859375,1.0,1.0210481489424885,0.0
